{"schemaVersion":"1.0","appDefinitionTemplate":{"id":"/providers/Microsoft.PowerApps/apps/","type":"Microsoft.PowerApps/apps","tags":{"primaryDeviceWidth":"1366","primaryDeviceHeight":"768","supportsPortrait":"true","supportsLandscape":"true","primaryFormFactor":"Tablet","publisherVersion":"3.22111.19","minimumRequiredApiVersion":"2.2.0","hasComponent":"false","hasUnlockedComponent":"false","isUnifiedRootApp":"false","sienaVersion":"20221128T030935Z-3.22111.19.0"},"properties":{"appVersion":"2022-11-28T03:09:35Z","lifeCycleId":"Published","createdByClientVersion":{"major":3,"minor":22111,"build":19,"revision":0,"majorRevision":0,"minorRevision":0},"minClientVersion":{"major":3,"minor":22111,"build":19,"revision":0,"majorRevision":0,"minorRevision":0},"backgroundColor":"rgba(56, 96, 178, 1)","backgroundImageUri":"/13853895219613077408/Naf6798d4-36da-4ab8-968f-a13c9a586538-logoSmallFile","displayName":"会議予定","description":"","commitMessage":"","appUris":{"documentUri":{"value":"/13853895219613077408/Nbd7b837f-9a75-4d78-8f6b-0221f2f1d3da-document.msapp"},"imageUris":[],"additionalUris":[]},"createdTime":"0001-01-01T00:00:00Z","lastModifiedTime":"0001-01-01T00:00:00Z","sharedGroupsCount":0,"sharedUsersCount":0,"icons":{"smallIconUri":"/13853895219613077408/N6c8bb672-77b7-437c-9946-b3a3ee8e92d0-small.png","mediumIconUri":"/13853895219613077408/Nc3707ab5-5b0a-4b4c-a6dd-175210cfb699-medium.png","largeIconUri":"/13853895219613077408/N815e520c-7750-4160-8a97-0425990eeeac-large.png","wideIconUri":"/13853895219613077408/N0257be69-3878-4e11-9bdc-bea6c2e13449-wide.png"},"connectionReferences":{"bce7331e-9486-4be1-a9d6-1e9af471a655":{"id":"01f88e03-ea3a-4ed9-82d0-2e3b3acbdf21","displayName":"Office 365 Outlook","iconUri":"https://connectoricons-prod.azureedge.net/releases/v1.0.1599/1.0.1599.3017/office365/icon.png","dataSources":["Office365Outlook"],"dependencies":[],"dependents":[],"parameterHints":{},"parameterHintsV2":{},"isOnPremiseConnection":false,"bypassConsent":false,"dataSets":{},"apiTier":"Standard","isCustomApiConnection":false,"actions":["CalendarGetTables","V2CalendarPostItem","FindMeetingTimes","GetRoomLists","GetRooms","GetRoomsInRoomList","GetEventsCalendarViewV2"]},"29fb6088-cc6d-4cda-bdf5-4935c5da6da9":{"id":"5e64ae67-3b02-44a5-ac4f-4275169d4fb1","displayName":"Office 365 ユーザー","iconUri":"https://connectoricons-prod.azureedge.net/releases/v1.0.1593/1.0.1593.2980/office365users/icon.png","dataSources":["Office365ユーザー"],"dependencies":[],"dependents":[],"parameterHints":{},"parameterHintsV2":{},"isOnPremiseConnection":false,"bypassConsent":false,"dataSets":{},"apiTier":"Standard","isCustomApiConnection":false,"actions":["SearchUser"]}},"databaseReferences":{},"almMode":"Solution","performanceOptimizationEnabled":true,"canConsumeAppPass":true,"enableModernRuntimeMode":false,"executionRestrictions":{"isTeamsOnly":false,"dataLossPreventionEvaluationResult":{"status":"Compliant","lastEvaluationDate":"2022-11-28T03:04:55.7389676Z","violations":[],"violationsByPolicy":[],"violationErrorMessage":"このアプリでは、次のコネクタが使用されます: shared_office365, shared_office365users。"}}},"appType":"ClassicCanvasApp","appComponents":[]}}